pos	pool1	pool2
0	0	0
10	0	0
20	0	0
30	0	0
40	0	0
50	0	0
60	311	0
70	312	0
80	312	0
90	312	0
100	312	0
110	312	0
120	312	0
130	312	0
140	312	0
150	312	0
160	312	0
170	312	0
180	312	0
190	312	0
200	312	0
210	312	0
220	312	0
230	312	0
240	312	0
250	312	0
260	312	0
270	312	0
280	312	0
290	312	0
300	312	0
310	312	0
320	312	0
330	312	0
340	312	0
350	312	0
360	312	0
370	312	0
380	312	0
390	312	0
400	312	0
410	312	0
420	312	0
430	312	0
440	312	0
450	312	0
460	312	0
470	312	0
480	312	0
490	312	0
500	312	0
510	312	0
520	312	0
530	312	0
540	312	0
550	312	0
560	312	0
570	312	0
580	312	0
590	312	0
600	312	0
610	312	0
620	312	0
630	312	0
640	312	0
650	312	0
660	312	0
670	312	0
680	312	0
690	312	0
700	312	0
710	312	0
720	312	0
730	312	0
740	312	0
750	312	0
760	312	0
770	312	0
780	312	0
790	312	0
800	312	0
810	312	0
820	312	0
830	312	0
840	312	0
850	312	0
860	312	0
870	312	0
880	312	0
890	312	0
900	312	0
910	312	0
920	312	0
930	312	0
940	312	0
950	312	0
960	312	0
970	312	0
980	312	0
990	312	0
1000	312	0
1010	312	0
1020	312	0
1030	312	0
1040	312	0
1050	312	0
1060	312	0
1070	312	0
1080	312	0
1090	312	0
1100	312	0
1110	312	0
1120	312	0
1130	312	0
1140	312	0
1150	312	0
1160	312	0
1170	312	0
1180	312	0
1190	312	0
1200	312	0
1210	312	0
1220	312	0
1230	312	0
1240	312	0
1250	312	0
1260	312	0
1270	312	0
1280	312	0
1290	312	0
1300	312	0
1310	312	0
1320	312	0
1330	312	0
1340	312	0
1350	312	0
1360	312	0
1370	312	0
1380	312	0
1390	312	0
1400	312	0
1410	312	0
1420	312	0
1430	312	0
1440	312	0
1450	312	0
1460	312	0
1470	312	0
1480	312	0
1490	312	0
1500	312	0
1510	312	0
1520	312	0
1530	312	0
1540	312	0
1550	312	0
1560	312	0
1570	312	0
1580	312	0
1590	312	0
1600	312	0
1610	312	0
1620	312	0
1630	312	0
1640	312	0
1650	312	0
1660	312	0
1670	312	0
1680	312	0
1690	312	0
1700	312	0
1710	312	0
1720	312	0
1730	312	0
1740	312	0
1750	312	0
1760	312	0
1770	312	0
1780	312	0
1790	312	0
1800	312	0
1810	312	0
1820	312	0
1830	312	0
1840	312	0
1850	312	0
1860	312	0
1870	312	0
1880	312	0
1890	312	0
1900	312	255
1910	312	257
1920	311	259
1930	311	259
1940	311	260
1950	311	261
1960	311	262
1970	311	263
1980	311	263
1990	311	263
2000	311	263
2010	311	263
2020	311	263
2030	311	263
2040	311	263
2050	311	263
2060	311	263
2070	311	263
2080	311	263
2090	311	264
2100	311	264
2110	311	264
2120	311	264
2130	311	264
2140	311	264
2150	311	264
2160	311	264
2170	311	264
2180	311	264
2190	311	264
2200	311	264
2210	311	264
2220	311	264
2230	311	264
2240	311	264
2250	311	264
2260	311	264
2270	311	264
2280	311	264
2290	311	264
2300	310	264
2310	310	264
2320	310	264
2330	310	264
2340	310	264
2350	310	264
2360	310	264
2370	310	264
2380	310	264
2390	310	264
2400	310	264
2410	310	264
2420	310	264
2430	310	264
2440	310	264
2450	310	264
2460	310	264
2470	310	264
2480	310	264
2490	310	264
2500	310	264
2510	310	264
2520	310	264
2530	310	264
2540	310	264
2550	310	264
2560	308	264
2570	0	264
2580	0	264
2590	0	264
2600	0	264
2610	0	264
2620	0	264
2630	0	264
2640	0	264
2650	0	264
2660	0	264
2670	0	264
2680	0	264
2690	0	264
2700	0	264
2710	0	264
2720	0	264
2730	0	264
2740	0	264
2750	0	264
2760	0	264
2770	0	264
2780	0	264
2790	0	264
2800	0	264
2810	0	264
2820	0	264
2830	0	264
2840	0	264
2850	0	264
2860	0	264
2870	0	264
2880	0	264
2890	0	264
2900	0	264
2910	0	264
2920	0	264
2930	0	264
2940	0	264
2950	0	264
2960	0	264
2970	0	264
2980	0	264
2990	0	264
3000	0	264
3010	0	264
3020	0	264
3030	0	264
3040	0	264
3050	0	264
3060	0	264
3070	0	264
3080	0	264
3090	0	264
3100	0	264
3110	0	264
3120	0	264
3130	0	264
3140	0	264
3150	0	264
3160	0	264
3170	0	264
3180	0	264
3190	0	264
3200	0	264
3210	0	264
3220	0	264
3230	0	264
3240	0	264
3250	0	264
3260	0	264
3270	0	264
3280	0	264
3290	0	264
3300	0	264
3310	0	264
3320	0	264
3330	0	264
3340	0	264
3350	0	264
3360	0	264
3370	0	264
3380	0	264
3390	0	264
3400	0	264
3410	0	264
3420	0	264
3430	0	264
3440	0	264
3450	0	264
3460	0	264
3470	0	264
3480	0	264
3490	0	264
3500	0	264
3510	0	264
3520	0	264
3530	0	264
3540	0	264
3550	0	264
3560	0	264
3570	0	264
3580	0	264
3590	0	264
3600	0	264
3610	0	264
3620	0	264
3630	0	264
3640	0	264
3650	0	264
3660	0	264
3670	0	264
3680	0	264
3690	0	264
3700	0	264
3710	0	264
3720	0	264
3730	0	264
3740	0	264
3750	0	264
3760	0	264
3770	0	264
3780	0	264
3790	0	264
3800	0	264
3810	0	264
3820	0	264
3830	0	264
3840	0	264
3850	0	264
3860	0	264
3870	0	264
3880	0	264
3890	0	264
3900	0	264
3910	0	264
3920	0	264
3930	0	264
3940	0	264
3950	0	264
3960	0	264
3970	0	264
3980	0	264
3990	0	264
4000	0	264
4010	0	264
4020	0	264
4030	0	264
4040	0	264
4050	0	264
4060	0	264
4070	0	264
4080	0	264
4090	0	264
4100	0	264
4110	0	264
4120	0	264
4130	0	264
4140	0	264
4150	0	264
4160	0	264
4170	0	264
4180	0	264
4190	0	264
4200	0	264
4210	0	264
4220	0	264
4230	0	264
4240	0	264
4250	0	264
4260	0	264
4270	0	264
4280	0	264
4290	0	264
4300	0	264
4310	0	264
4320	0	264
4330	221	264
4340	222	264
4350	223	264
4360	223	263
4370	223	263
4380	223	262
4390	223	261
4400	223	261
4410	223	261
4420	223	260
4430	223	0
4440	223	0
4450	223	0
4460	223	0
4470	223	0
4480	223	0
4490	223	0
4500	224	0
4510	224	0
4520	224	0
4530	224	0
4540	224	0
4550	224	0
4560	224	0
4570	224	0
4580	224	0
4590	224	0
4600	224	0
4610	225	0
4620	225	0
4630	225	0
4640	225	0
4650	225	0
4660	226	0
4670	226	0
4680	226	0
4690	226	0
4700	226	0
4710	226	0
4720	226	0
4730	226	0
4740	226	0
4750	226	0
4760	226	0
4770	226	0
4780	226	0
4790	226	0
4800	226	0
4810	226	0
4820	226	0
4830	226	0
4840	226	0
4850	226	0
4860	226	0
4870	226	0
4880	226	0
4890	226	0
4900	226	0
4910	226	0
4920	226	0
4930	226	0
4940	226	0
4950	226	0
4960	226	0
4970	226	0
4980	226	0
4990	226	0
5000	226	0
5010	226	0
5020	226	0
5030	226	0
5040	226	0
5050	226	0
5060	226	0
5070	226	0
5080	226	0
5090	226	0
5100	226	0
5110	226	0
5120	226	0
5130	226	0
5140	226	0
5150	226	0
5160	226	0
5170	226	0
5180	226	0
5190	226	0
5200	226	0
5210	226	0
5220	226	0
5230	226	0
5240	226	0
5250	226	0
5260	226	0
5270	226	0
5280	226	0
5290	226	0
5300	226	0
5310	226	0
5320	226	0
5330	226	0
5340	226	0
5350	226	0
5360	226	0
5370	226	0
5380	226	0
5390	226	0
5400	226	0
5410	226	0
5420	226	0
5430	226	0
5440	226	0
5450	226	0
5460	226	0
5470	226	0
5480	226	0
5490	226	0
5500	226	0
5510	226	0
5520	226	0
5530	226	0
5540	226	0
5550	226	0
5560	226	0
5570	226	0
5580	226	0
5590	226	0
5600	226	0
5610	226	0
5620	226	0
5630	226	0
5640	226	0
5650	226	0
5660	226	0
5670	226	0
5680	226	0
5690	226	0
5700	226	0
5710	226	0
5720	226	0
5730	226	0
5740	226	0
5750	226	0
5760	226	0
5770	226	0
5780	226	0
5790	226	0
5800	226	0
5810	226	0
5820	226	0
5830	226	0
5840	226	0
5850	226	0
5860	226	0
5870	226	0
5880	226	0
5890	226	0
5900	226	0
5910	226	0
5920	226	0
5930	226	0
5940	226	0
5950	226	0
5960	226	0
5970	226	0
5980	226	0
5990	226	0
6000	226	0
6010	226	0
6020	226	0
6030	226	0
6040	226	0
6050	226	0
6060	226	0
6070	226	0
6080	226	0
6090	226	0
6100	226	0
6110	226	0
6120	226	0
6130	226	0
6140	226	0
6150	226	0
6160	226	0
6170	226	0
6180	226	0
6190	226	0
6200	226	0
6210	226	0
6220	226	0
6230	226	0
6240	226	0
6250	226	0
6260	226	0
6270	226	0
6280	226	0
6290	226	0
6300	226	0
6310	226	246
6320	226	255
6330	226	257
6340	226	257
6350	226	257
6360	226	257
6370	226	257
6380	226	257
6390	226	257
6400	226	257
6410	226	257
6420	226	257
6430	226	257
6440	226	257
6450	226	257
6460	226	257
6470	226	257
6480	226	257
6490	226	257
6500	226	257
6510	226	257
6520	226	257
6530	226	257
6540	226	257
6550	226	257
6560	226	257
6570	226	257
6580	226	257
6590	226	257
6600	225	257
6610	225	257
6620	225	257
6630	224	257
6640	223	257
6650	223	257
6660	223	257
6670	223	257
6680	223	257
6690	223	257
6700	223	257
6710	223	257
6720	223	257
6730	223	257
6740	223	257
6750	223	257
6760	223	257
6770	223	257
6780	223	257
6790	223	257
6800	223	257
6810	223	257
6820	223	257
6830	223	257
6840	221	257
6850	0	257
6860	0	257
6870	0	257
6880	0	257
6890	0	257
6900	0	257
6910	0	257
6920	0	257
6930	0	257
6940	0	257
6950	0	257
6960	0	257
6970	0	257
6980	0	257
6990	0	257
7000	0	257
7010	0	257
7020	0	257
7030	0	257
7040	0	257
7050	0	257
7060	0	257
7070	0	257
7080	0	257
7090	0	257
7100	0	257
7110	0	257
7120	0	257
7130	0	257
7140	0	257
7150	0	257
7160	0	257
7170	0	257
7180	0	257
7190	0	257
7200	0	257
7210	0	257
7220	0	257
7230	0	257
7240	0	257
7250	0	257
7260	0	257
7270	0	257
7280	0	257
7290	0	257
7300	0	257
7310	0	257
7320	0	257
7330	0	257
7340	0	257
7350	0	257
7360	0	257
7370	0	257
7380	0	257
7390	0	257
7400	0	257
7410	0	257
7420	0	257
7430	0	257
7440	0	257
7450	0	257
7460	0	257
7470	0	257
7480	0	257
7490	0	257
7500	0	257
7510	0	257
7520	0	257
7530	0	257
7540	0	257
7550	0	257
7560	0	257
7570	0	257
7580	0	257
7590	0	257
7600	0	257
7610	0	257
7620	0	257
7630	0	257
7640	0	257
7650	0	257
7660	0	257
7670	0	257
7680	0	257
7690	0	257
7700	0	257
7710	0	257
7720	0	257
7730	0	257
7740	0	257
7750	0	257
7760	0	257
7770	0	257
7780	0	257
7790	0	257
7800	0	257
7810	0	257
7820	0	257
7830	0	257
7840	0	257
7850	0	257
7860	0	257
7870	0	257
7880	0	257
7890	0	257
7900	0	257
7910	0	257
7920	0	257
7930	0	257
7940	0	257
7950	0	257
7960	0	257
7970	0	257
7980	0	257
7990	0	257
8000	0	257
8010	0	257
8020	0	257
8030	0	257
8040	0	257
8050	0	257
8060	0	257
8070	0	257
8080	0	257
8090	0	257
8100	0	257
8110	0	257
8120	0	257
8130	0	257
8140	0	257
8150	0	257
8160	0	257
8170	0	257
8180	0	257
8190	0	257
8200	0	257
8210	0	257
8220	0	257
8230	0	257
8240	0	257
8250	0	257
8260	0	257
8270	0	257
8280	0	257
8290	0	257
8300	0	257
8310	0	257
8320	0	257
8330	0	257
8340	0	257
8350	0	257
8360	0	257
8370	0	257
8380	0	257
8390	0	257
8400	0	257
8410	0	257
8420	0	257
8430	0	257
8440	0	257
8450	0	257
8460	0	257
8470	0	257
8480	0	257
8490	0	257
8500	0	257
8510	0	257
8520	0	257
8530	0	257
8540	0	257
8550	0	257
8560	0	257
8570	0	257
8580	0	256
8590	0	256
8600	0	256
8610	0	256
8620	397	256
8630	400	256
8640	400	256
8650	400	256
8660	400	256
8670	400	256
8680	400	256
8690	400	256
8700	400	256
8710	400	256
8720	400	256
8730	400	256
8740	400	256
8750	400	256
8760	400	256
8770	400	256
8780	400	255
8790	400	255
8800	400	254
8810	400	254
8820	400	252
8830	400	0
8840	400	0
8850	400	0
8860	400	0
8870	400	0
8880	400	0
8890	400	0
8900	400	0
8910	400	0
8920	400	0
8930	400	0
8940	400	0
8950	400	0
8960	400	0
8970	400	0
8980	400	0
8990	400	0
9000	400	0
9010	400	0
9020	400	0
9030	400	0
9040	400	0
9050	400	0
9060	400	0
9070	400	0
9080	400	0
9090	400	0
9100	400	0
9110	400	0
9120	400	0
9130	400	0
9140	400	0
9150	400	0
9160	400	0
9170	400	0
9180	400	0
9190	400	0
9200	400	0
9210	400	0
9220	400	0
9230	400	0
9240	400	0
9250	400	0
9260	400	0
9270	400	0
9280	400	0
9290	400	0
9300	400	0
9310	400	0
9320	400	0
9330	400	0
9340	400	0
9350	400	0
9360	400	0
9370	400	0
9380	400	0
9390	400	0
9400	400	0
9410	400	0
9420	400	0
9430	400	0
9440	400	0
9450	400	0
9460	400	0
9470	400	0
9480	400	0
9490	400	0
9500	400	0
9510	400	0
9520	400	0
9530	400	0
9540	400	0
9550	400	0
9560	400	0
9570	400	0
9580	400	0
9590	400	0
9600	400	0
9610	400	0
9620	400	0
9630	400	0
9640	400	0
9650	400	0
9660	400	0
9670	400	0
9680	400	0
9690	400	0
9700	400	0
9710	400	0
9720	400	0
9730	400	0
9740	400	0
9750	400	0
9760	400	0
9770	400	0
9780	400	0
9790	400	0
9800	400	0
9810	400	0
9820	400	0
9830	400	0
9840	400	0
9850	400	0
9860	400	0
9870	400	0
9880	400	0
9890	400	0
9900	400	0
9910	400	0
9920	400	0
9930	400	0
9940	400	0
9950	400	0
9960	400	0
9970	400	0
9980	400	0
9990	400	0
10000	400	0
10010	400	0
10020	400	0
10030	400	0
10040	400	0
10050	400	0
10060	400	0
10070	400	0
10080	400	0
10090	400	0
10100	400	0
10110	400	0
10120	400	0
10130	400	0
10140	400	0
10150	400	0
10160	400	0
10170	400	0
10180	400	0
10190	400	0
10200	400	0
10210	400	0
10220	400	0
10230	400	0
10240	400	0
10250	400	0
10260	400	0
10270	400	0
10280	400	0
10290	400	0
10300	400	0
10310	400	0
10320	400	0
10330	400	0
10340	400	0
10350	400	0
10360	400	0
10370	400	0
10380	400	0
10390	400	372
10400	400	373
10410	400	374
10420	400	374
10430	400	374
10440	400	374
10450	400	374
10460	400	374
10470	400	374
10480	400	374
10490	400	374
10500	400	374
10510	400	374
10520	400	374
10530	400	374
10540	400	374
10550	400	374
10560	400	374
10570	400	374
10580	400	374
10590	400	374
10600	400	374
10610	400	374
10620	400	374
10630	400	374
10640	400	374
10650	400	374
10660	400	374
10670	400	374
10680	400	374
10690	400	374
10700	400	374
10710	400	374
10720	400	374
10730	400	374
10740	400	374
10750	400	374
10760	400	374
10770	400	374
10780	400	374
10790	400	374
10800	400	374
10810	400	374
10820	400	374
10830	400	374
10840	400	374
10850	400	374
10860	400	374
10870	400	374
10880	400	374
10890	400	374
10900	400	374
10910	400	374
10920	400	374
10930	400	374
10940	400	374
10950	400	374
10960	400	374
10970	400	374
10980	400	374
10990	400	374
11000	400	374
11010	400	374
11020	399	374
11030	399	374
11040	399	374
11050	0	374
11060	0	374
11070	0	374
11080	0	374
11090	0	374
11100	0	374
11110	0	374
11120	0	374
11130	0	374
11140	0	374
11150	0	374
11160	0	374
11170	0	374
11180	0	374
11190	0	374
11200	0	374
11210	0	374
11220	0	374
11230	0	374
11240	0	374
11250	0	374
11260	0	374
11270	0	374
11280	0	374
11290	0	374
11300	0	374
11310	0	374
11320	0	374
11330	0	374
11340	0	374
11350	0	374
11360	0	374
11370	0	374
11380	0	374
11390	0	374
11400	0	374
11410	0	374
11420	0	374
11430	0	374
11440	0	374
11450	0	374
11460	0	374
11470	0	374
11480	0	374
11490	0	374
11500	0	374
11510	0	374
11520	0	374
11530	0	374
11540	0	374
11550	0	374
11560	0	374
11570	0	374
11580	0	374
11590	0	374
11600	0	374
11610	0	374
11620	0	374
11630	0	374
11640	0	374
11650	0	374
11660	0	374
11670	0	374
11680	0	374
11690	0	374
11700	0	374
11710	0	374
11720	0	374
11730	0	374
11740	0	374
11750	0	374
11760	0	374
11770	0	374
11780	0	374
11790	0	374
11800	0	374
11810	0	374
11820	0	374
11830	0	374
11840	0	374
11850	0	374
11860	0	374
11870	0	374
11880	0	374
11890	0	374
11900	0	374
11910	0	374
11920	0	374
11930	0	374
11940	0	374
11950	0	374
11960	0	374
11970	0	374
11980	0	374
11990	0	374
12000	0	374
12010	0	374
12020	0	374
12030	0	374
12040	0	374
12050	0	374
12060	0	374
12070	0	374
12080	0	374
12090	0	374
12100	0	374
12110	0	374
12120	0	374
12130	0	374
12140	0	374
12150	0	374
12160	0	374
12170	0	374
12180	0	374
12190	0	374
12200	0	374
12210	0	374
12220	0	374
12230	0	374
12240	0	374
12250	0	374
12260	0	374
12270	0	374
12280	0	374
12290	0	374
12300	0	374
12310	0	374
12320	0	374
12330	0	374
12340	0	374
12350	0	374
12360	0	374
12370	0	374
12380	0	374
12390	0	374
12400	0	374
12410	0	374
12420	0	374
12430	0	374
12440	0	374
12450	0	374
12460	0	374
12470	0	374
12480	0	374
12490	0	374
12500	0	374
12510	0	374
12520	0	374
12530	0	374
12540	0	374
12550	0	374
12560	0	374
12570	0	374
12580	0	374
12590	0	374
12600	0	374
12610	0	374
12620	0	374
12630	0	373
12640	0	373
12650	0	373
12660	0	373
12670	0	373
12680	0	373
12690	0	373
12700	0	373
12710	0	373
12720	0	372
12730	0	371
12740	211	371
12750	215	371
12760	215	369
12770	216	367
12780	216	0
12790	216	0
12800	216	0
12810	216	0
12820	216	0
12830	216	0
12840	216	0
12850	216	0
12860	216	0
12870	216	0
12880	216	0
12890	216	0
12900	216	0
12910	216	0
12920	216	0
12930	216	0
12940	216	0
12950	216	0
12960	216	0
12970	216	0
12980	216	0
12990	216	0
13000	216	0
13010	216	0
13020	216	0
13030	216	0
13040	216	0
13050	216	0
13060	216	0
13070	216	0
13080	216	0
13090	216	0
13100	216	0
13110	216	0
13120	216	0
13130	216	0
13140	216	0
13150	216	0
13160	216	0
13170	216	0
13180	216	0
13190	216	0
13200	216	0
13210	216	0
13220	216	0
13230	216	0
13240	216	0
13250	216	0
13260	216	0
13270	216	0
13280	216	0
13290	216	0
13300	216	0
13310	216	0
13320	216	0
13330	216	0
13340	216	0
13350	216	0
13360	216	0
13370	216	0
13380	216	0
13390	216	0
13400	216	0
13410	216	0
13420	216	0
13430	216	0
13440	216	0
13450	216	0
13460	216	0
13470	216	0
13480	216	0
13490	216	0
13500	216	0
13510	216	0
13520	216	0
13530	216	0
13540	216	0
13550	216	0
13560	216	0
13570	216	0
13580	216	0
13590	216	0
13600	216	0
13610	216	0
13620	216	0
13630	216	0
13640	216	0
13650	216	0
13660	216	0
13670	216	0
13680	216	0
13690	216	0
13700	216	0
13710	216	0
13720	216	0
13730	216	0
13740	216	0
13750	216	0
13760	216	0
13770	216	0
13780	216	0
13790	216	0
13800	216	0
13810	216	0
13820	216	0
13830	216	0
13840	216	0
13850	216	0
13860	216	0
13870	216	0
13880	216	0
13890	216	0
13900	216	0
13910	216	0
13920	216	0
13930	216	0
13940	216	0
13950	216	0
13960	216	0
13970	216	0
13980	216	0
13990	216	0
14000	216	0
14010	216	0
14020	216	0
14030	216	0
14040	216	0
14050	216	0
14060	216	0
14070	216	0
14080	216	0
14090	216	0
14100	216	0
14110	216	0
14120	216	0
14130	216	0
14140	216	0
14150	216	0
14160	216	0
14170	216	0
14180	216	0
14190	216	0
14200	216	0
14210	216	0
14220	216	0
14230	216	0
14240	216	0
14250	216	0
14260	216	0
14270	216	0
14280	216	0
14290	216	0
14300	216	0
14310	216	0
14320	216	0
14330	216	0
14340	216	0
14350	216	0
14360	216	0
14370	216	0
14380	216	0
14390	216	0
14400	216	0
14410	216	0
14420	216	0
14430	216	0
14440	216	0
14450	216	0
14460	216	0
14470	216	0
14480	216	0
14490	216	0
14500	216	0
14510	216	0
14520	216	0
14530	216	0
14540	216	0
14550	216	0
14560	216	0
14570	216	73
14580	216	102
14590	216	103
14600	216	103
14610	216	103
14620	216	103
14630	216	103
14640	216	103
14650	216	103
14660	216	104
14670	216	104
14680	216	104
14690	216	104
14700	216	104
14710	216	104
14720	216	105
14730	216	105
14740	216	105
14750	216	105
14760	216	105
14770	216	105
14780	216	105
14790	216	105
14800	216	105
14810	216	105
14820	216	105
14830	216	105
14840	216	105
14850	216	105
14860	216	105
14870	216	105
14880	216	105
14890	216	105
14900	216	105
14910	216	105
14920	216	105
14930	216	105
14940	216	105
14950	216	105
14960	216	105
14970	216	105
14980	216	105
14990	216	105
15000	216	105
15010	216	105
15020	216	105
15030	216	105
15040	216	105
15050	216	105
15060	216	105
15070	216	105
15080	216	105
15090	216	105
15100	216	105
15110	216	105
15120	216	105
15130	216	105
15140	216	105
15150	216	105
15160	216	105
15170	216	105
15180	216	105
15190	216	105
15200	216	105
15210	216	105
15220	214	105
15230	0	105
15240	0	105
15250	0	105
15260	0	105
15270	0	105
15280	0	105
15290	0	105
15300	0	105
15310	0	105
15320	0	105
15330	0	105
15340	0	105
15350	0	105
15360	0	105
15370	0	105
15380	0	105
15390	0	105
15400	0	105
15410	0	105
15420	0	105
15430	0	105
15440	0	105
15450	0	105
15460	0	105
15470	0	105
15480	0	105
15490	0	105
15500	0	105
15510	0	105
15520	0	105
15530	0	105
15540	0	105
15550	0	105
15560	0	105
15570	0	105
15580	0	105
15590	0	105
15600	0	105
15610	0	105
15620	0	105
15630	0	105
15640	0	105
15650	0	105
15660	0	105
15670	0	105
15680	0	105
15690	0	105
15700	0	105
15710	0	105
15720	0	105
15730	0	105
15740	0	105
15750	0	105
15760	0	105
15770	0	105
15780	0	105
15790	0	105
15800	0	105
15810	0	105
15820	0	105
15830	0	105
15840	0	105
15850	0	105
15860	0	105
15870	0	105
15880	0	105
15890	0	105
15900	0	105
15910	0	105
15920	0	105
15930	0	105
15940	0	105
15950	0	105
15960	0	105
15970	0	105
15980	0	105
15990	0	105
16000	0	105
16010	0	105
16020	0	105
16030	0	105
16040	0	105
16050	0	105
16060	0	105
16070	0	105
16080	0	105
16090	0	105
16100	0	105
16110	0	105
16120	0	105
16130	0	105
16140	0	105
16150	0	105
16160	0	105
16170	0	105
16180	0	105
16190	0	105
16200	0	105
16210	0	105
16220	0	105
16230	0	105
16240	0	105
16250	0	105
16260	0	105
16270	0	105
16280	0	105
16290	0	105
16300	0	105
16310	0	105
16320	0	105
16330	0	105
16340	0	105
16350	0	105
16360	0	105
16370	0	105
16380	0	105
16390	0	105
16400	0	105
16410	0	105
16420	0	105
16430	0	105
16440	0	105
16450	0	105
16460	0	105
16470	0	105
16480	0	105
16490	0	105
16500	0	105
16510	0	105
16520	0	105
16530	0	105
16540	0	105
16550	0	105
16560	0	105
16570	0	105
16580	0	105
16590	0	105
16600	0	105
16610	0	105
16620	0	105
16630	0	105
16640	0	105
16650	0	105
16660	0	105
16670	0	105
16680	0	105
16690	0	105
16700	0	105
16710	0	105
16720	0	105
16730	0	105
16740	0	105
16750	0	105
16760	0	105
16770	0	105
16780	0	105
16790	0	105
16800	0	105
16810	0	105
16820	0	105
16830	0	105
16840	0	105
16850	0	105
16860	0	105
16870	0	105
16880	340	105
16890	341	105
16900	341	105
16910	341	105
16920	341	104
16930	341	104
16940	341	104
16950	341	104
16960	341	104
16970	341	104
16980	341	104
16990	341	104
17000	341	104
17010	342	104
17020	342	104
17030	342	104
17040	342	104
17050	342	104
17060	342	104
17070	342	104
17080	342	104
17090	342	104
17100	342	104
17110	342	103
17120	342	102
17130	342	100
17140	342	0
17150	342	0
17160	342	0
17170	342	0
17180	342	0
17190	342	0
17200	342	0
17210	342	0
17220	342	0
17230	342	0
17240	342	0
17250	342	0
17260	342	0
17270	342	0
17280	342	0
17290	342	0
17300	342	0
17310	342	0
17320	342	0
17330	342	0
17340	342	0
17350	342	0
17360	342	0
17370	342	0
17380	342	0
17390	342	0
17400	342	0
17410	342	0
17420	342	0
17430	342	0
17440	342	0
17450	342	0
17460	342	0
17470	342	0
17480	342	0
17490	342	0
17500	342	0
17510	342	0
17520	342	0
17530	342	0
17540	342	0
17550	342	0
17560	342	0
17570	342	0
17580	342	0
17590	342	0
17600	342	0
17610	342	0
17620	342	0
17630	342	0
17640	342	0
17650	342	0
17660	342	0
17670	342	0
17680	342	0
17690	342	0
17700	342	0
17710	342	0
17720	342	0
17730	342	0
17740	342	0
17750	342	0
17760	342	0
17770	342	0
17780	342	0
17790	342	0
17800	342	0
17810	342	0
17820	342	0
17830	342	0
17840	342	0
17850	342	0
17860	342	0
17870	342	0
17880	342	0
17890	342	0
17900	342	0
17910	342	0
17920	342	0
17930	342	0
17940	342	0
17950	342	0
17960	342	0
17970	342	0
17980	342	0
17990	342	0
18000	342	0
18010	342	0
18020	342	0
18030	342	0
18040	342	0
18050	342	0
18060	342	0
18070	342	0
18080	342	0
18090	342	0
18100	342	0
18110	342	0
18120	342	0
18130	342	0
18140	342	0
18150	342	0
18160	342	0
18170	342	0
18180	342	0
18190	342	0
18200	342	0
18210	342	0
18220	342	0
18230	342	0
18240	342	0
18250	342	0
18260	342	0
18270	342	0
18280	342	0
18290	342	0
18300	342	0
18310	342	0
18320	342	0
18330	342	0
18340	342	0
18350	342	0
18360	342	0
18370	342	0
18380	342	0
18390	342	0
18400	342	0
18410	342	0
18420	342	0
18430	342	0
18440	342	0
18450	342	0
18460	342	0
18470	342	0
18480	342	0
18490	342	0
18500	342	0
18510	342	0
18520	342	0
18530	342	0
18540	342	0
18550	342	0
18560	342	0
18570	342	0
18580	342	0
18590	342	0
18600	342	0
18610	342	0
18620	342	0
18630	342	0
18640	342	0
18650	342	0
18660	342	0
18670	342	0
18680	342	0
18690	342	0
18700	342	0
18710	342	0
18720	342	0
18730	342	0
18740	342	0
18750	342	0
18760	342	0
18770	342	0
18780	342	0
18790	342	0
18800	342	0
18810	342	0
18820	342	0
18830	342	0
18840	342	0
18850	342	0
18860	342	0
18870	342	0
18880	342	0
18890	342	0
18900	342	0
18910	342	0
18920	342	312
18930	342	316
18940	342	319
18950	342	319
18960	342	320
18970	342	320
18980	342	320
18990	342	320
19000	342	320
19010	342	320
19020	342	320
19030	342	320
19040	342	320
19050	342	320
19060	342	320
19070	342	320
19080	342	320
19090	342	320
19100	342	320
19110	342	320
19120	342	320
19130	342	320
19140	342	320
19150	342	320
19160	342	320
19170	342	320
19180	342	320
19190	342	320
19200	342	320
19210	342	320
19220	341	320
19230	341	320
19240	341	320
19250	336	320
19260	0	320
19270	0	320
19280	0	320
19290	0	320
19300	0	320
19310	0	320
19320	0	320
19330	0	320
19340	0	320
19350	0	320
19360	0	320
19370	0	320
19380	0	320
19390	0	320
19400	0	320
19410	0	320
19420	0	320
19430	0	320
19440	0	320
19450	0	320
19460	0	320
19470	0	320
19480	0	320
19490	0	320
19500	0	320
19510	0	320
19520	0	320
19530	0	320
19540	0	320
19550	0	320
19560	0	320
19570	0	320
19580	0	320
19590	0	320
19600	0	320
19610	0	320
19620	0	320
19630	0	320
19640	0	320
19650	0	320
19660	0	320
19670	0	320
19680	0	320
19690	0	320
19700	0	320
19710	0	320
19720	0	320
19730	0	320
19740	0	320
19750	0	320
19760	0	320
19770	0	320
19780	0	320
19790	0	320
19800	0	320
19810	0	320
19820	0	320
19830	0	320
19840	0	320
19850	0	320
19860	0	320
19870	0	320
19880	0	320
19890	0	320
19900	0	320
19910	0	320
19920	0	320
19930	0	320
19940	0	320
19950	0	320
19960	0	320
19970	0	320
19980	0	320
19990	0	320
20000	0	320
20010	0	320
20020	0	320
20030	0	320
20040	0	320
20050	0	320
20060	0	320
20070	0	320
20080	0	320
20090	0	320
20100	0	320
20110	0	320
20120	0	320
20130	0	320
20140	0	320
20150	0	320
20160	0	320
20170	0	320
20180	0	320
20190	0	320
20200	0	320
20210	0	320
20220	0	320
20230	0	320
20240	0	320
20250	0	320
20260	0	320
20270	0	320
20280	0	320
20290	0	320
20300	0	320
20310	0	320
20320	0	320
20330	0	320
20340	0	320
20350	0	320
20360	0	320
20370	0	320
20380	0	320
20390	0	320
20400	0	320
20410	0	320
20420	0	320
20430	0	320
20440	0	320
20450	0	320
20460	0	320
20470	0	320
20480	0	320
20490	0	320
20500	0	320
20510	0	320
20520	0	320
20530	0	320
20540	0	320
20550	0	320
20560	0	320
20570	0	320
20580	0	320
20590	0	320
20600	0	320
20610	0	320
20620	0	320
20630	0	320
20640	0	320
20650	0	320
20660	0	320
20670	0	320
20680	0	320
20690	0	320
20700	0	320
20710	0	320
20720	0	320
20730	0	320
20740	0	320
20750	0	320
20760	0	320
20770	0	320
20780	0	320
20790	0	320
20800	0	320
20810	0	320
20820	0	320
20830	0	320
20840	0	320
20850	0	320
20860	0	320
20870	0	320
20880	0	320
20890	0	320
20900	0	320
20910	0	320
20920	0	320
20930	0	320
20940	0	320
20950	0	320
20960	0	320
20970	0	319
20980	0	319
20990	0	319
21000	0	319
21010	0	319
21020	0	319
21030	0	319
21040	0	319
21050	0	319
21060	0	319
21070	0	319
21080	0	319
21090	0	319
21100	0	319
21110	0	319
21120	0	319
21130	0	319
21140	0	319
21150	0	319
21160	0	319
21170	0	319
21180	0	319
21190	0	319
21200	0	319
21210	0	319
21220	0	319
21230	0	319
21240	0	319
21250	0	319
21260	0	319
21270	0	319
21280	0	319
21290	0	319
21300	0	319
21310	0	319
21320	0	319
21330	0	319
21340	0	319
21350	0	319
21360	0	319
21370	0	319
21380	0	319
21390	383	318
21400	385	317
21410	385	316
21420	385	312
21430	385	0
21440	385	0
21450	385	0
21460	385	0
21470	385	0
21480	385	0
21490	385	0
21500	385	0
21510	385	0
21520	385	0
21530	385	0
21540	385	0
21550	385	0
21560	385	0
21570	386	0
21580	386	0
21590	386	0
21600	386	0
21610	386	0
21620	386	0
21630	386	0
21640	386	0
21650	386	0
21660	386	0
21670	386	0
21680	386	0
21690	386	0
21700	386	0
21710	386	0
21720	386	0
21730	386	0
21740	386	0
21750	386	0
21760	386	0
21770	386	0
21780	386	0
21790	386	0
21800	386	0
21810	386	0
21820	386	0
21830	386	0
21840	386	0
21850	386	0
21860	386	0
21870	386	0
21880	386	0
21890	386	0
21900	386	0
21910	386	0
21920	386	0
21930	386	0
21940	386	0
21950	386	0
21960	386	0
21970	386	0
21980	386	0
21990	386	0
22000	386	0
22010	386	0
22020	386	0
22030	386	0
22040	386	0
22050	386	0
22060	386	0
22070	386	0
22080	386	0
22090	386	0
22100	386	0
22110	386	0
22120	386	0
22130	386	0
22140	386	0
22150	386	0
22160	386	0
22170	386	0
22180	386	0
22190	386	0
22200	386	0
22210	386	0
22220	386	0
22230	386	0
22240	386	0
22250	386	0
22260	386	0
22270	386	0
22280	386	0
22290	386	0
22300	386	0
22310	386	0
22320	386	0
22330	386	0
22340	386	0
22350	386	0
22360	386	0
22370	386	0
22380	386	0
22390	386	0
22400	386	0
22410	386	0
22420	386	0
22430	386	0
22440	386	0
22450	386	0
22460	386	0
22470	386	0
22480	386	0
22490	386	0
22500	386	0
22510	386	0
22520	386	0
22530	386	0
22540	386	0
22550	386	0
22560	386	0
22570	386	0
22580	386	0
22590	386	0
22600	386	0
22610	386	0
22620	386	0
22630	386	0
22640	386	0
22650	386	0
22660	385	0
22670	385	0
22680	385	0
22690	385	0
22700	385	0
22710	385	0
22720	385	0
22730	385	0
22740	385	0
22750	385	0
22760	385	0
22770	385	0
22780	385	0
22790	385	0
22800	385	0
22810	385	0
22820	385	0
22830	385	0
22840	385	0
22850	385	0
22860	385	0
22870	385	0
22880	385	0
22890	385	0
22900	385	0
22910	385	0
22920	385	0
22930	385	0
22940	385	0
22950	385	0
22960	385	0
22970	385	0
22980	385	0
22990	385	0
23000	385	0
23010	385	0
23020	385	0
23030	385	0
23040	385	0
23050	385	0
23060	385	0
23070	385	0
23080	385	0
23090	385	0
23100	385	0
23110	385	0
23120	385	0
23130	385	0
23140	385	0
23150	385	356
23160	385	359
23170	385	362
23180	385	362
23190	385	362
23200	385	362
23210	385	362
23220	385	362
23230	385	362
23240	385	362
23250	385	362
23260	385	362
23270	385	362
23280	385	362
23290	385	362
23300	385	362
23310	385	362
23320	385	362
23330	385	362
23340	385	362
23350	385	362
23360	385	362
23370	385	362
23380	385	362
23390	385	362
23400	385	362
23410	385	362
23420	385	362
23430	385	362
23440	385	362
23450	385	362
23460	385	362
23470	385	362
23480	385	363
23490	385	363
23500	385	363
23510	385	363
23520	385	363
23530	385	363
23540	385	363
23550	385	363
23560	385	363
23570	384	363
23580	384	363
23590	384	363
23600	384	363
23610	384	363
23620	384	363
23630	384	363
23640	384	363
23650	384	363
23660	384	363
23670	384	363
23680	384	363
23690	384	363
23700	384	363
23710	383	363
23720	383	363
23730	383	363
23740	383	363
23750	383	363
23760	383	363
23770	383	363
23780	383	363
23790	383	363
23800	382	363
23810	380	363
23820	379	363
23830	0	363
23840	0	363
23850	0	363
23860	0	363
23870	0	363
23880	0	363
23890	0	363
23900	0	363
23910	0	363
23920	0	363
23930	0	363
23940	0	363
23950	0	363
23960	0	363
23970	0	363
23980	0	363
23990	0	363
24000	0	363
24010	0	363
24020	0	363
24030	0	363
24040	0	363
24050	0	363
24060	0	363
24070	0	363
24080	0	363
24090	0	363
24100	0	363
24110	0	363
24120	0	363
24130	0	363
24140	0	363
24150	0	363
24160	0	363
24170	0	363
24180	0	363
24190	0	363
24200	0	363
24210	0	363
24220	0	363
24230	0	363
24240	0	363
24250	0	363
24260	0	363
24270	0	363
24280	0	363
24290	0	363
24300	0	363
24310	0	363
24320	0	363
24330	0	363
24340	0	363
24350	0	363
24360	0	363
24370	0	363
24380	0	363
24390	0	363
24400	0	363
24410	0	363
24420	0	363
24430	0	363
24440	0	363
24450	0	363
24460	0	363
24470	0	363
24480	0	363
24490	0	363
24500	0	363
24510	0	363
24520	0	363
24530	0	363
24540	0	363
24550	0	363
24560	0	363
24570	0	363
24580	0	363
24590	0	363
24600	0	363
24610	0	363
24620	0	363
24630	0	363
24640	0	363
24650	0	363
24660	0	363
24670	0	363
24680	0	363
24690	0	363
24700	0	363
24710	0	363
24720	0	363
24730	0	363
24740	0	363
24750	0	363
24760	0	363
24770	0	363
24780	0	363
24790	0	363
24800	0	363
24810	0	363
24820	0	363
24830	0	363
24840	0	363
24850	0	363
24860	0	363
24870	0	363
24880	0	363
24890	0	363
24900	0	363
24910	0	363
24920	0	363
24930	0	363
24940	0	363
24950	0	363
24960	0	363
24970	0	363
24980	0	363
24990	0	363
25000	0	363
25010	0	363
25020	0	363
25030	0	363
25040	0	363
25050	0	363
25060	0	363
25070	0	363
25080	0	363
25090	0	363
25100	0	363
25110	0	363
25120	0	363
25130	0	363
25140	0	363
25150	0	363
25160	0	363
25170	0	363
25180	0	363
25190	0	363
25200	0	363
25210	0	363
25220	0	363
25230	0	363
25240	0	363
25250	0	363
25260	0	363
25270	0	363
25280	0	363
25290	0	363
25300	0	363
25310	0	363
25320	0	363
25330	0	363
25340	0	363
25350	0	363
25360	0	363
25370	0	363
25380	0	363
25390	0	363
25400	0	363
25410	0	363
25420	0	363
25430	0	363
25440	0	363
25450	0	363
25460	0	363
25470	0	363
25480	0	363
25490	0	363
25500	0	363
25510	0	363
25520	0	363
25530	0	363
25540	0	363
25550	0	363
25560	0	363
25570	0	363
25580	0	363
25590	0	363
25600	0	363
25610	0	363
25620	0	363
25630	295	363
25640	298	362
25650	300	0
25660	301	0
25670	302	0
25680	302	0
25690	302	0
25700	302	0
25710	302	0
25720	302	0
25730	302	0
25740	302	0
25750	302	0
25760	302	0
25770	302	0
25780	302	0
25790	302	0
25800	302	0
25810	302	0
25820	302	0
25830	302	0
25840	302	0
25850	302	0
25860	302	0
25870	302	0
25880	302	0
25890	302	0
25900	302	0
25910	302	0
25920	302	0
25930	302	0
25940	302	0
25950	302	0
25960	302	0
25970	302	0
25980	302	0
25990	302	0
26000	302	0
26010	302	0
26020	302	0
26030	302	0
26040	302	0
26050	302	0
26060	302	0
26070	302	0
26080	302	0
26090	302	0
26100	302	0
26110	302	0
26120	302	0
26130	302	0
26140	302	0
26150	302	0
26160	302	0
26170	302	0
26180	302	0
26190	302	0
26200	302	0
26210	302	0
26220	302	0
26230	302	0
26240	302	0
26250	302	0
26260	302	0
26270	302	0
26280	302	0
26290	302	0
26300	302	0
26310	302	0
26320	302	0
26330	302	0
26340	302	0
26350	302	0
26360	302	0
26370	302	0
26380	302	0
26390	302	0
26400	302	0
26410	302	0
26420	302	0
26430	302	0
26440	302	0
26450	302	0
26460	302	0
26470	302	0
26480	302	0
26490	302	0
26500	302	0
26510	302	0
26520	302	0
26530	302	0
26540	302	0
26550	302	0
26560	302	0
26570	302	0
26580	302	0
26590	302	0
26600	302	0
26610	302	0
26620	302	0
26630	302	0
26640	302	0
26650	302	0
26660	302	0
26670	302	0
26680	302	0
26690	302	0
26700	302	0
26710	302	0
26720	302	0
26730	302	0
26740	302	0
26750	302	0
26760	302	0
26770	302	0
26780	302	0
26790	302	0
26800	302	0
26810	302	0
26820	302	0
26830	302	0
26840	302	0
26850	302	0
26860	302	0
26870	302	0
26880	302	0
26890	302	0
26900	302	0
26910	302	0
26920	302	0
26930	302	0
26940	302	0
26950	302	0
26960	302	0
26970	302	0
26980	302	0
26990	302	0
27000	302	0
27010	302	0
27020	302	0
27030	302	0
27040	302	0
27050	302	0
27060	302	0
27070	302	0
27080	302	0
27090	302	0
27100	302	0
27110	302	0
27120	302	0
27130	302	0
27140	302	0
27150	302	0
27160	302	0
27170	302	0
27180	302	0
27190	302	0
27200	302	0
27210	302	0
27220	302	0
27230	302	0
27240	302	0
27250	302	0
27260	302	0
27270	302	0
27280	302	0
27290	302	0
27300	302	0
27310	302	0
27320	302	0
27330	302	0
27340	302	0
27350	302	0
27360	302	0
27370	302	0
27380	302	0
27390	302	0
27400	302	0
27410	302	0
27420	302	0
27430	302	0
27440	302	0
27450	302	0
27460	302	0
27470	302	0
27480	302	164
27490	302	164
27500	302	167
27510	302	168
27520	302	168
27530	302	169
27540	302	169
27550	302	169
27560	302	169
27570	302	169
27580	302	169
27590	302	169
27600	302	169
27610	302	169
27620	302	169
27630	302	169
27640	302	169
27650	302	169
27660	302	169
27670	302	169
27680	302	169
27690	302	169
27700	302	169
27710	302	169
27720	302	169
27730	302	169
27740	302	169
27750	302	169
27760	302	169
27770	302	169
27780	302	169
27790	302	169
27800	302	169
27810	302	169
27820	302	169
27830	302	169
27840	302	169
27850	302	169
27860	302	169
27870	302	169
27880	301	169
27890	301	169
27900	301	169
27910	301	169
27920	301	169
27930	301	169
27940	301	169
27950	301	169
27960	301	169
27970	301	169
27980	301	169
27990	301	169
28000	301	169
28010	301	169
28020	301	169
28030	301	169
28040	300	169
28050	300	169
28060	300	169
28070	300	169
28080	300	169
28090	300	169
28100	300	169
28110	300	169
28120	300	169
28130	300	169
28140	300	169
28150	0	169
28160	0	169
28170	0	169
28180	0	169
28190	0	169
28200	0	169
28210	0	169
28220	0	169
28230	0	169
28240	0	169
28250	0	169
28260	0	169
28270	0	169
28280	0	169
28290	0	169
28300	0	169
28310	0	169
28320	0	169
28330	0	169
28340	0	169
28350	0	169
28360	0	169
28370	0	169
28380	0	169
28390	0	169
28400	0	169
28410	0	169
28420	0	169
28430	0	169
28440	0	169
28450	0	169
28460	0	169
28470	0	169
28480	0	169
28490	0	169
28500	0	169
28510	0	169
28520	0	169
28530	0	169
28540	0	169
28550	0	169
28560	0	169
28570	0	169
28580	0	169
28590	0	169
28600	0	169
28610	0	169
28620	0	169
28630	0	169
28640	0	169
28650	0	169
28660	0	169
28670	0	169
28680	0	169
28690	0	169
28700	0	169
28710	0	169
28720	0	169
28730	0	169
28740	0	169
28750	0	169
28760	0	169
28770	0	169
28780	0	169
28790	0	169
28800	0	169
28810	0	169
28820	0	169
28830	0	169
28840	0	169
28850	0	169
28860	0	169
28870	0	169
28880	0	169
28890	0	169
28900	0	169
28910	0	169
28920	0	169
28930	0	169
28940	0	169
28950	0	169
28960	0	169
28970	0	169
28980	0	169
28990	0	169
29000	0	169
29010	0	169
29020	0	169
29030	0	169
29040	0	169
29050	0	169
29060	0	169
29070	0	169
29080	0	169
29090	0	169
29100	0	169
29110	0	169
29120	0	169
29130	0	169
29140	0	169
29150	0	169
29160	0	169
29170	0	169
29180	0	169
29190	0	169
29200	0	169
29210	0	169
29220	0	169
29230	0	169
29240	0	169
29250	0	169
29260	0	169
29270	0	169
29280	0	169
29290	0	169
29300	0	169
29310	0	169
29320	0	169
29330	0	168
29340	0	168
29350	0	168
29360	0	168
29370	0	168
29380	0	168
29390	0	168
29400	0	168
29410	0	168
29420	0	168
29430	0	168
29440	0	168
29450	0	168
29460	0	168
29470	0	168
29480	0	168
29490	0	168
29500	0	168
29510	0	168
29520	0	168
29530	0	168
29540	0	168
29550	0	168
29560	0	168
29570	0	168
29580	0	168
29590	0	168
29600	0	168
29610	0	168
29620	0	168
29630	0	168
29640	0	168
29650	0	168
29660	0	168
29670	0	168
29680	0	168
29690	0	168
29700	0	168
29710	0	168
29720	0	168
29730	0	168
29740	0	168
29750	0	168
29760	0	168
29770	0	168
29780	0	167
29790	0	167
29800	0	167
29810	0	167
29820	0	167
29830	0	165
29840	0	0
29850	0	0
29860	0	0
29870	0	0
29880	0	0
29890	0	0
29900	0	0
